{"sign":{"_name":"","_goal0":0.5163344144821167,"_goal1":0.4932524859905243,"_goal2":0.5905992388725281,"_goal3":0.5119860172271729,"_goal4":0.33289965987205508},"localPos":{"x":-0.05090000107884407,"y":-0.023600000888109208,"z":0.07980000227689743},"localRot":{"x":0.0,"y":0.0,"z":0.0,"w":1.0}}