{"sign":{"_name":"","_goal0":0.4830000102519989,"_goal1":0.5429999828338623,"_goal2":0.8610567450523377,"_goal3":0.9197651743888855,"_goal4":0.9471624493598938},"localPos":{"x":-0.050999999046325687,"y":0.04569999873638153,"z":0.12710000574588777},"localRot":{"x":0.178645521402359,"y":0.6443356871604919,"z":0.3177526593208313,"w":0.6722726821899414}}