{"sign":{"_name":"","_goal0":0.4259999990463257,"_goal1":0.44200000166893008,"_goal2":0.8610567450523377,"_goal3":0.9197651743888855,"_goal4":0.9471624493598938},"localPos":{"x":-0.04520000144839287,"y":0.030400000512599946,"z":0.11509999632835388},"localRot":{"x":0.30710726976394656,"y":-0.4007575213909149,"z":0.08501166105270386,"w":0.8589828014373779}}