{"sign":{"_name":"","_goal0":0.5889999866485596,"_goal1":0.1850000023841858,"_goal2":0.1509999930858612,"_goal3":0.1509999930858612,"_goal4":0.17800000309944154},"localPos":{"x":-0.03312496840953827,"y":-0.0028912145644426347,"z":0.07683590054512024},"localRot":{"x":0.043921686708927158,"y":0.9957204461097717,"z":-0.02279922366142273,"w":0.0780506581068039}}