{"sign":{"_name":"","_goal0":0.4819999933242798,"_goal1":0.1340000033378601,"_goal2":0.2639999985694885,"_goal3":0.10199999809265137,"_goal4":0.0729999989271164},"localPos":{"x":-0.03555016592144966,"y":0.025280598551034929,"z":0.06172449514269829},"localRot":{"x":0.694836437702179,"y":0.36048322916030886,"z":-0.34627482295036318,"w":0.5170570015907288}}